Index,Conference
1,IEEE Conference on Computer Vision and Pattern Recognition
2,International Conference on Learning Representations
3,Annual Conference on Neural Information Processing Systems
4,International Conference on Machine Learning
5,European Conference on Computer Vision
6,International Conference on Computer Vision
7,AAAI Conference on Artificial Intelligence
8,Conference on Empirical Methods in Natural Language Processing
9,Annual Meeting of the Association for Computational Linguistics
10,International Joint Conference on Artificial Intelligence
11,IEEE International Conference on Robotics and Automation
12,ACM Knowledge Discovery and Data Mining
13,"IEEE International Conference on Acoustics, Speech and SP"
14,INTERSPEECH
15,International World Wide Web Conferences
16,IEEE Symposium on Security and Privacy
17,Usenix Security Symposium
18,Artificial Intelligence and Statistics
19,International Conference on Software Engineering
20,ACM International Conference on Multimedia
21,IEEE International Conference on Computer Communications
22,ACM International Conference on Information and Knowledge Management
23,International Conference on Very Large Data Bases
24,International Conference on Medical Image Computing and Computer-Assisted Intervention
25,IEEE\RSJ International Conference on Intelligent Robots and Systems
26,British Machine Vision Conference
27,IEEE International Conference on Communications
28,International Conference on Research on Development in Information Retrieval
29,ACM International Conference on Web Search and Data Mining
30,International Conference on Computational Linguistics
31,ISOC Network and Distributed System Security Symposium
32,ACM Conference on Management of Data
33,International Conference on Architectural Support for Programming Languages and Operating Systems
34,IEEE Global Communications Conference
35,ACM Symposium on the Theory of Computing
36,International Conference on Image Processing
37,International Symposium on Computer Architecture
38,Asian Conference on Computer Vision
39,International Joint Conference on Neural Networks
40,Symposium on Network System Design and Implementation
41,Design Automation Conference
42,International Cryptology Conference
43,USENIX Annual Technical Conference
44,International Conference on Pattern Recognition
45,IEEE/ACM International Symposium on Microarchitecture
46,ACM-SIAM Symposium on Discrete Algorithms
47,IEEE International Conference on Data Engineering
48,The International AAAI Conference on Web and Social Media
49,High Performance Computer Architecture
50,IEEE International Conference on Big Data
51,International Conference on Data Mining
52,IEEE Annual Symposium on Foundations of Computer Science
53,ACM SIGPLAN Conference on Programming Language Design & Implementation
54,International Conference on Automatic Face and Gesture Recognition
55,International Conference on Automated Software Engineering
56,International Joint Conference on Autonomous Agents and Multi- agent Systems
57,"International Conference for High Performance Computing, Networking, Storage, and Analysis"
58,ACM Conference on Recommender Systems
59,"Design, Automation & Test in Europe"
60,European Conference on Computer Systems
61,International Conference on 3D Vision
62,International Conference on Distributed Computing Systems
63,Mining Software Repositories
64,Financial Cryptography and Data Security
65,IEEE European Symposium on Security and Privacy
66,International Conference on Uncertainty in Artificial Intelligence
67,Internet Measurement Conference
68,Genetic and Evolutionary Computation Conference
69,IEEE Virtual Reality
70,ACM Symposium on User Interface Software and Technology
71,International Conference on Computer-Aided Design
72,IEEE Wireless Communications & Networking Conference
73,Conference on Computational Natural Language Learning
74,IEEE International Conference on Multimedia & Expo
75,Annual International Conference on the Theory and Application of Cryptology and Information Security
76,ACM Symposium on Operating Systems Principles
77,ACM Conference on Designing Interactive Systems
78,International Symposium on Circuits and Systems
79,International Conference on Document Analysis and Recognition
80,ACM International Conference on Intelligent User Interfaces
81,International Symposium on Software Testing and Analysis
82,IEEE International Semantic Web Conference
83,"International Conference on Software Analysis, Evolution, and Reengineering"
84,ACM/SIGDA International Symposium on Field-Programmable Gate Arrays
85,"International Conference on Mobile Systems, Applications, and Services"
86,USENIX Symposium on Operating Systems Design and Implementations
87,ACM Conference on Computer and Communications Security
88,Asia Conference on Computer and Communications Security
89,International Parallel & Distributed Processing Symposium
90,Conference on File and Storage Technologies
91,Computer Aided Verification
92,Symposium On Usable Privacy and Security
93,SIAM International Conference on Data Mining
94,International Conference on Dependable Systems and Networks
95,Advances in Social Networks Analysis and Mining
96,ACM Conference on Embedded Networked Sensor Systems
97,Asia and South Pacific Design Automation Conference
98,International Conference on Software Maintenance and Evolution
99,"IEEE International Conference on Trust, Security and Privacy in Computing and Communications"
100,ACM Symposium on Cloud Computing
